{
    "file_name": "1_2.png",
    "instances": [
        {
            "class": 0,
            "box": [
                280.2278137207031,
                0.0,
                1696.0145263671875,
                952.9189453125
            ],
            "score": 0.701063871383667,
            "mask": [
                {
                    "polygon": [
                        284,
                        5,
                        284,
                        950,
                        1711,
                        950,
                        1711,
                        5
                    ]
                }
            ]
        }
    ]
}