{
    "file_name": "1_3.png",
    "instances": [
        {
            "class": 0,
            "box": [
                580.821044921875,
                0.0,
                1661.26904296875,
                950.1012573242188
            ],
            "score": 0.7061290144920349,
            "mask": [
                {
                    "polygon": [
                        583,
                        5,
                        583,
                        950,
                        1670,
                        950,
                        1670,
                        5
                    ]
                }
            ]
        }
    ]
}