{
    "file_name": "1_4.png",
    "instances": [
        {
            "class": 0,
            "box": [
                865.000732421875,
                0.05954742804169655,
                1685.172119140625,
                951.451416015625
            ],
            "score": 0.4009401500225067,
            "mask": [
                {
                    "polygon": [
                        864,
                        16,
                        864,
                        946,
                        1699,
                        946,
                        1699,
                        16
                    ]
                }
            ]
        }
    ]
}