{
    "file_name": "2_5.png",
    "instances": [
        {
            "class": 0,
            "box": [
                1054.6484375,
                0.0,
                1406.376220703125,
                957.427490234375
            ],
            "score": 0.2815912663936615,
            "mask": [
                {
                    "polygon": [
                        1050,
                        5,
                        1050,
                        959,
                        1379,
                        959,
                        1379,
                        955,
                        1380,
                        954,
                        1382,
                        954,
                        1382,
                        952,
                        1383,
                        951,
                        1385,
                        951,
                        1385,
                        949,
                        1386,
                        948,
                        1390,
                        948,
                        1390,
                        946,
                        1391,
                        945,
                        1396,
                        945,
                        1396,
                        944,
                        1397,
                        943,
                        1399,
                        943,
                        1399,
                        938,
                        1400,
                        937,
                        1401,
                        937,
                        1401,
                        933,
                        1402,
                        932,
                        1413,
                        932,
                        1413,
                        914,
                        1402,
                        914,
                        1401,
                        913,
                        1401,
                        908,
                        1400,
                        908,
                        1399,
                        907,
                        1399,
                        895,
                        1397,
                        895,
                        1396,
                        894,
                        1396,
                        873,
                        1394,
                        873,
                        1393,
                        872,
                        1393,
                        854,
                        1391,
                        854,
                        1390,
                        853,
                        1390,
                        815,
                        1389,
                        815,
                        1388,
                        814,
                        1388,
                        742,
                        1389,
                        741,
                        1390,
                        741,
                        1390,
                        731,
                        1389,
                        731,
                        1388,
                        730,
                        1388,
                        709,
                        1386,
                        709,
                        1385,
                        708,
                        1385,
                        693,
                        1383,
                        693,
                        1382,
                        692,
                        1382,
                        679,
                        1380,
                        679,
                        1379,
                        678,
                        1379,
                        660,
                        1378,
                        660,
                        1377,
                        659,
                        1377,
                        633,
                        1375,
                        633,
                        1374,
                        632,
                        1374,
                        611,
                        1372,
                        611,
                        1371,
                        610,
                        1371,
                        586,
                        1369,
                        586,
                        1368,
                        585,
                        1368,
                        562,
                        1367,
                        562,
                        1366,
                        561,
                        1366,
                        543,
                        1364,
                        543,
                        1363,
                        542,
                        1363,
                        518,
                        1361,
                        518,
                        1360,
                        517,
                        1360,
                        496,
                        1358,
                        496,
                        1357,
                        495,
                        1357,
                        477,
                        1356,
                        477,
                        1355,
                        476,
                        1355,
                        447,
                        1353,
                        447,
                        1352,
                        446,
                        1352,
                        415,
                        1350,
                        415,
                        1349,
                        414,
                        1349,
                        393,
                        1347,
                        393,
                        1346,
                        392,
                        1346,
                        368,
                        1345,
                        368,
                        1344,
                        367,
                        1344,
                        344,
                        1342,
                        344,
                        1341,
                        343,
                        1341,
                        322,
                        1339,
                        322,
                        1338,
                        321,
                        1338,
                        308,
                        1336,
                        308,
                        1335,
                        307,
                        1335,
                        286,
                        1334,
                        286,
                        1333,
                        285,
                        1333,
                        259,
                        1331,
                        259,
                        1330,
                        258,
                        1330,
                        232,
                        1328,
                        232,
                        1327,
                        231,
                        1327,
                        213,
                        1325,
                        213,
                        1324,
                        212,
                        1324,
                        185,
                        1323,
                        185,
                        1322,
                        184,
                        1322,
                        93,
                        1320,
                        93,
                        1319,
                        92,
                        1319,
                        5
                    ]
                }
            ]
        },
        {
            "class": 1,
            "box": [
                0.0,
                0.033779144287109375,
                94.06414031982422,
                337.3896789550781
            ],
            "score": 0.2608455717563629,