{
    "file_name": "4_5.png",
    "instances": [
        {
            "class": 0,
            "box": [
                1183.02197265625,
                0.0,
                1512.711669921875,
                960.0
            ],
            "score": 0.7241645455360413,
            "mask": [
                {
                    "polygon": [
                        1246,
                        0,
                        1246,
                        10,
                        1247,
                        10,
                        1248,
                        11,
                        1248,
                        29,
                        1250,
                        29,
                        1251,
                        30,
                        1251,
                        64,
                        1250,
                        65,
                        1248,
                        65,
                        1248,
                        92,
                        1247,
                        93,
                        1246,
                        93,
                        1246,
                        141,
                        1245,
                        142,
                        1243,
                        142,
                        1243,
                        184,
                        1242,
                        185,
                        1240,
                        185,
                        1240,
                        212,
                        1239,
                        213,
                        1237,
                        213,
                        1237,
                        280,
                        1236,
                        281,
                        1235,
                        281,
                        1235,
                        307,
                        1234,
                        308,
                        1232,
                        308,
                        1232,
                        337,
                        1231,
                        338,
                        1229,
                        338,
                        1229,
                        370,
                        1228,
                        371,
                        1226,
                        371,
                        1226,
                        394,
                        1225,
                        395,
                        1224,
                        395,
                        1224,
                        419,
                        1223,
                        420,
                        1221,
                        420,
                        1221,
                        449,
                        1220,
                        450,
                        1218,
                        450,
                        1218,
                        468,
                        1217,
                        469,
                        1215,
                        469,
                        1215,
                        476,
                        1214,
                        477,
                        1213,
                        477,
                        1213,
                        547,
                        1220,
                        547,
                        1220,
                        545,
                        1221,
                        544,
                        1223,
                        544,
                        1224,
                        545,
                        1224,
                        550,
                        1225,
                        550,
                        1226,
                        551,
                        1226,
                        555,
                        1228,
                        555,
                        1229,
                        556,
                        1229,
                        566,
                        1231,
                        566,
                        1232,
                        567,
                        1232,
                        580,
                        1234,
                        580,
                        1235,
                        581,
                        1235,
                        585,
                        1234,
                        586,
                        1232,
                        586,
                        1232,
                        599,
                        1231,
                        600,
                        1229,
                        600,
                        1229,
                        613,
                        1228,
                        614,
                        1226,
                        614,
                        1226,
                        645,
                        1225,
                        646,
                        1224,
                        646,
                        1224,
                        659,
                        1223,
                        660,
                        1221,
                        660,
                        1220,
                        659,
                        1220,
                        655,
                        1218,
                        655,
                        1217,
                        654,
                        1217,
                        649,
                        1215,
                        649,
                        1214,
                        648,
                        1214,
                        641,
                        1213,
                        641,
                        1212,
                        640,
                        1212,
                        630,
                        1210,
                        630,
                        1209,
                        629,
                        1209,
                        622,
                        1207,
                        622,
                        1206,
                        621,
                        1206,
                        619,
                        1205,
                        619,
                        1204,
                        618,
                        1204,
                        616,
                        1202,
                        616,
                        1202,
                        640,
                        1201,
                        641,
                        1199,
                        641,
                        1199,
                        667,
                        1198,
                        668,
                        1196,
                        668,
                        1196,
                        684,
                        1195,
                        685,
                        1194,
                        685,
                        1194,
                        692,
                        1193,
                        693,
                        1191,
                        693,
                        1191,
                        697,
                        1190,
                        698,
                        1180,
                        698,
                        1180,
                        959,
                        1335,
                        959,
                        1335,
                        952,
                        1336,
                        951,
                        1338,
                        951,
                        1338,
                        944,
                        1339,
                        943,
                        1341,
                        943,
                        1341,
                        935,
                        1342,
                        934,
                        1343,
                        934,
                        1343,
