{
    "file_name": "5_2_1280x960.jpg",
    "instances": [
        {
            "class": 0,
            "box": [
                202.93630981445312,
                2.81256103515625,
                1082.2470703125,
                955.1124267578125
            ],
            "score": 0.44647809863090515,
            "mask": [
                {
                    "polygon": [
                        204,
                        4,
                        204,
                        367,
                        211,
                        367,
                        212,
                        368,
                        212,
                        371,
                        213,
                        371,
                        214,
                        372,
                        214,
                        373,
                        215,
                        373,
                        216,
                        374,
                        216,
                        375,
                        219,
                        375,
                        220,
                        376,
                        220,
                        377,
                        221,
                        377,
                        222,
                        378,
                        222,
                        385,
                        223,
                        385,
                        224,
                        386,
                        224,
                        389,
                        225,
                        389,
                        226,
                        390,
                        226,
                        393,
                        227,
                        393,
                        228,
                        394,
                        228,
                        397,
                        229,
                        397,
                        230,
                        398,
                        230,
                        407,
                        231,
                        407,
                        232,
                        408,
                        232,
                        421,
                        233,
                        421,
                        234,
                        422,
                        234,
                        429,
                        235,
                        429,
                        236,
                        430,
                        236,
                        435,
                        237,
                        435,
                        238,
                        436,
                        238,
                        439,
                        239,
                        439,
                        240,
                        440,
                        240,
                        443,
                        241,
                        443,
                        242,
                        444,
                        242,
                        447,
                        243,
                        447,
                        244,
                        448,
                        244,
                        453,
                        245,
                        453,
                        246,
                        454,
                        246,
                        457,
                        247,
                        457,
                        248,
                        458,
                        248,
                        465,
                        249,
                        465,
                        250,
                        466,
                        250,
                        471,
                        251,
                        471,
                        252,
                        472,
                        252,
                        479,
                        253,
                        479,
                        254,
                        480,
                        254,
                        489,
                        255,
                        489,
                        256,
                        490,
                        256,
                        497,
                        257,
                        497,
                        258,
                        498,
                        258,
                        505,
                        259,
                        505,
                        260,
                        506,
                        260,
                        515,
                        261,
                        515,
                        262,
                        516,
                        262,
                        525,
                        263,
                        525,
                        264,
                        526,
                        264,
                        537,
                        265,
                        537,
                        266,
                        538,
                        266,
                        565,
                        267,
                        565,
                        268,
                        566,
                        268,
                        597,
                        269,
                        597,
                        270,
                        598,
                        270,
                        645,
                        271,
                        645,
                        272,
                        646,
                        272,
                        671,
                        273,
                        671,
                        274,
                        672,
                        274,
                        685,
                        275,
                        685,
                        276,
                        686,
                        276,
                        695,
                        277,
                        695,
                        278,
                        696,
                        278,
                        707,
                        279,
                        707,
                        280,
                        708,
                        280,
                        717,
                        281,
                        717,
                        282,
                        718,
                        282,
                        729,
                        283,
                        729,
                        284,
                        730,
                        284,
                        747,
                        285,
                        747,
                        286,
                        748,
                        286,
                        771,
                        287,
                        771,
                        288,
                        772,
                        288,
                        789,
                        287,
                        790,
                        286,
                        790,
                        286,
                        813,
                        287,
                        813,
                        288,
                        814,
                        288,
                        823,
                        289,
                        823,
                        290,
                        824,
                        290,
                        829,
                        291,
                        829,
                        292,
                        830,
                        292,
                        839,
                        293,
                        839,
                        294,
                        840,
                        294,
                        855,
