{
    "file_name": "5_2_3840x2160.jpg",
    "instances": [
        {
            "class": 0,
            "box": [
                672.5185546875,
                0.0,
                3369.46435546875,
                2160.0
            ],
            "score": 0.5426467657089233,
            "mask": [
                {
                    "polygon": [
                        732,
                        1699,
                        732,
                        1731,
                        737,
                        1731,
                        737,
                        1727,
                        738,
                        1726,
                        743,
                        1726,
                        743,
                        1710,
                        738,
                        1710,
                        737,
                        1709,
                        737,
                        1699
                    ]
                },
                {
                    "polygon": [
                        684,
                        56,
                        684,
                        1012,
                        707,
                        1012,
                        708,
                        1013,
                        708,
                        1017,
                        713,
                        1017,
                        714,
                        1018,
                        714,
                        1023,
                        719,
                        1023,
                        720,
                        1024,
                        720,
                        1034,
                        725,
                        1034,
                        726,
                        1035,
                        726,
                        1045,
                        731,
                        1045,
                        732,
                        1046,
                        732,
                        1057,
                        737,
                        1057,
                        738,
                        1058,
                        738,
                        1068,
                        743,
                        1068,
                        744,
                        1069,
                        744,
                        1090,
                        749,
                        1090,
                        750,
                        1091,
                        750,
                        1102,
                        755,
                        1102,
                        756,
                        1103,
                        756,
                        1124,
                        761,
                        1124,
                        762,
                        1125,
                        762,
                        1147,
                        767,
                        1147,
                        768,
                        1148,
                        768,
                        1175,
                        773,
                        1175,
                        774,
                        1176,
                        774,
                        1197,
                        779,
                        1197,
                        780,
                        1198,
                        780,
                        1231,
                        785,
                        1231,
                        786,
                        1232,
                        786,
                        1332,
                        791,
                        1332,
                        792,
                        1333,
                        792,
                        1445,
                        791,
                        1446,
                        786,
                        1446,
                        786,
                        1551,
                        791,
                        1551,
                        792,
                        1552,
                        792,
                        1608,
                        791,
                        1609,
                        786,
                        1609,
                        786,
                        1653,
                        785,
                        1654,
                        780,
                        1654,
                        780,
                        1670,
                        779,
                        1671,
                        774,
                        1671,
                        774,
                        1709,
                        773,
                        1710,
                        768,
                        1710,
                        768,
                        1726,
                        779,
                        1726,
                        780,
                        1727,
                        780,
                        1731,
                        785,
                        1731,
                        786,
                        1732,
                        786,
                        1743,
                        791,
                        1743,
                        792,
                        1744,
                        792,
                        1776,
                        797,
                        1776,
                        798,
                        1777,
                        798,
                        1782,
                        803,
                        1782,
                        804,
                        1783,
                        804,
                        1799,
                        803,
                        1800,
                        798,
                        1800,
                        798,
                        1810,
                        803,
                        1810,
                        804,
                        1811,
                        804,
                        1821,
                        809,
                        1821,
                        810,
                        1822,
                        810,
                        1833,
                        815,
                        1833,
                        816,
                        1834,
                        816,
                        1855,
                        821,
                        1855,
                        822,
                        1856,
                        822,
                        1866,
                        827,
                        1866,
                        828,
                        1867,
                        828,
                        1895,
                        827,
                        1896,
                        822,
                        1896,
                        822,
                        1900,
                        821,
                        1901,
                        816,
                        1901,
                        816,
                        1906,
                        815,
                        1907,
                        810,
                        1907,
                        810,
                        1911,
                        809,
                        1912,
                        798,
                        1912,
                        797,
                        1911,
                        797,
                        1907,
                        786,
                        1907,
                        785,
                        1906,
                        785,
                        1901,
                        780,
                        1901,
                        779,
                        1900,
                        779,
                        1896,
                        768,
                        1896,
