{
    "file_name": "5_2_1024x768.jpg",
    "instances": [
        {
            "class": 0,
            "box": [
                163.27969360351562,
                2.2403807640075684,
                867.20166015625,
                764.0823974609375
            ],
            "score": 0.44288170337677,
            "mask": [
                {
                    "polygon": [
                        163,
                        3,
                        163,
                        289,
                        169,
                        289,
                        170,
                        290,
                        170,
                        292,
                        171,
                        293,
                        171,
                        297,
                        172,
                        297,
                        174,
                        299,
                        174,
                        300,
                        175,
                        300,
                        176,
                        301,
                        177,
                        301,
                        178,
                        302,
                        178,
                        305,
                        179,
                        306,
                        179,
                        311,
                        180,
                        311,
                        181,
                        312,
                        181,
                        313,
                        182,
                        314,
                        182,
                        317,
                        183,
                        317,
                        184,
                        318,
                        184,
                        324,
                        185,
                        324,
                        186,
                        325,
                        186,
                        337,
                        187,
                        338,
                        187,
                        341,
                        188,
                        341,
                        189,
                        342,
                        189,
                        346,
                        190,
                        347,
                        190,
                        351,
                        191,
                        351,
                        192,
                        352,
                        192,
                        353,
                        193,
                        353,
                        194,
                        354,
                        194,
                        357,
                        195,
                        358,
                        195,
                        362,
                        196,
                        362,
                        197,
                        363,
                        197,
                        365,
                        198,
                        366,
                        198,
                        370,
                        199,
                        370,
                        200,
                        371,
                        200,
                        377,
                        201,
                        377,
                        202,
                        378,
                        202,
                        383,
                        203,
                        384,
                        203,
                        391,
                        204,
                        391,
                        205,
                        392,
                        205,
                        397,
                        206,
                        398,
                        206,
                        402,
                        207,
                        402,
                        208,
                        403,
                        208,
                        410,
                        209,
                        410,
                        210,
                        411,
                        210,
                        418,
                        211,
                        419,
                        211,
                        429,
                        212,
                        429,
                        213,
                        430,
                        213,
                        450,
                        214,
                        451,
                        214,
                        474,
                        215,
                        474,
                        216,
                        475,
                        216,
                        514,
                        217,
                        514,
                        218,
                        515,
                        218,
                        535,
                        219,
                        536,
                        219,
                        546,
                        220,
                        546,
                        221,
                        547,
                        221,
                        554,
                        222,
                        555,
                        222,
                        564,
                        223,
                        564,
                        224,
                        565,
                        224,
                        572,
                        225,
                        572,
                        226,
                        573,
                        226,
                        581,
                        227,
                        582,
                        227,
                        594,
                        228,
                        594,
                        229,
                        595,
                        229,
                        610,
                        230,
                        611,
                        230,
                        655,
                        231,
                        655,
                        232,
                        656,
                        232,
                        660,
                        233,
                        660,
                        234,
                        661,
                        234,
                        668,
                        235,
                        669,
                        235,
                        681,
                        236,
                        681,
                        237,
                        682,
                        237,
                        687,
                        238,
                        688,
                        238,
                        693,
                        239,
                        693,
                        240,
                        694,
                        240,
                        719,
                        239,
                        720,
                        238,
                        720,
                        238,
                        724,
                        237,
                        725,
                        237,
                        727,
                        236,
                        728,
                        235,
                        728,
                        235,
                        729,
                        233,
                        731,
                        232,
                        731,
                        232,
                        732,
                        231,
                        733,
                        230,
                        733,
                        229,
                        734,
                        227,
                        734,
