{
    "file_name": "5_2_1920x1200.jpg",
    "instances": [
        {
            "class": 0,
            "box": [
                319.7095031738281,
                0.0,
                1664.8619384765625,
                1200.0
            ],
            "score": 0.5435492992401123,
            "mask": [
                {
                    "polygon": [
                        345,
                        17,
                        345,
                        28,
                        344,
                        29,
                        336,
                        29,
                        336,
                        31,
                        335,
                        32,
                        318,
                        32,
                        318,
                        481,
                        329,
                        481,
                        330,
                        482,
                        330,
                        487,
                        332,
                        487,
                        333,
                        488,
                        333,
                        492,
                        335,
                        492,
                        336,
                        493,
                        336,
                        498,
                        338,
                        498,
                        339,
                        499,
                        339,
                        515,
                        341,
                        515,
                        342,
                        516,
                        342,
                        524,
                        344,
                        524,
                        345,
                        525,
                        345,
                        533,
                        347,
                        533,
                        348,
                        534,
                        348,
                        538,
                        350,
                        538,
                        351,
                        539,
                        351,
                        541,
                        353,
                        541,
                        354,
                        542,
                        354,
                        544,
                        356,
                        544,
                        357,
                        545,
                        357,
                        550,
                        359,
                        550,
                        360,
                        551,
                        360,
                        559,
                        362,
                        559,
                        363,
                        560,
                        363,
                        562,
                        365,
                        562,
                        366,
                        563,
                        366,
                        567,
                        368,
                        567,
                        369,
                        568,
                        369,
                        576,
                        371,
                        576,
                        372,
                        577,
                        372,
                        585,
                        374,
                        585,
                        375,
                        586,
                        375,
                        593,
                        377,
                        593,
                        378,
                        594,
                        378,
                        608,
                        380,
                        608,
                        381,
                        609,
                        381,
                        622,
                        383,
                        622,
                        384,
                        623,
                        384,
                        634,
                        386,
                        634,
                        387,
                        635,
                        387,
                        648,
                        389,
                        648,
                        390,
                        649,
                        390,
                        662,
                        392,
                        662,
                        393,
                        663,
                        393,
                        683,
                        395,
                        683,
                        396,
                        684,
                        396,
                        743,
                        398,
                        743,
                        399,
                        744,
                        399,
                        807,
                        398,
                        808,
                        396,
                        808,
                        396,
                        815,
                        398,
                        815,
                        399,
                        816,
                        399,
                        862,
                        401,
                        862,
                        402,
                        863,
                        402,
                        902,
                        404,
                        902,
                        405,
                        903,
                        405,
                        916,
                        407,
                        916,
                        408,
                        917,
                        408,
                        934,
                        410,
                        934,
                        411,
                        935,
                        411,
                        957,
                        413,
                        957,
                        414,
                        958,
                        414,
                        965,
                        413,
                        966,
                        411,
                        966,
                        411,
                        988,
                        413,
                        988,
                        414,
                        989,
                        414,
                        1003,
                        416,
                        1003,
                        417,
                        1004,
                        417,
                        1017,
                        419,
                        1017,
                        420,
                        1018,
                        420,
                        1029,
                        422,
                        1029,
                        423,
                        1030,
                        423,
                        1058,
                        422,
                        1059,
                        420,
                        1059,
                        420,
                        1066,
                        419,
                        1067,
                        417,
                        1067,
                        417,
                        1075,
                        416,
                        1076,
                        414,
                        1076,
                        414,
                        1081,
                        413,
                        1082,
                        411,
                        1082,
                        411,
                        1089,
                        410,
                        1090,
                        408,
                        1090,
                        408,
                        1092,
