{
    "file_name": "1_1.png",
    "instances": [
        {
            "class": 0,
            "box": [
                244.0675811767578,
                1.1565313339233398,
                1731.117919921875,
                959.0469360351562
            ],
            "score": 0.4332527220249176,
            "mask": [
                {
                    "polygon": [
                        240,
                        5,
                        240,
                        958,
                        1737,
                        958,
                        1737,
                        5
                    ]
                }
            ]
        }
    ]
}