{
    "file_name": "2_2.png",
    "instances": [
        {
            "class": 0,
            "box": [
                624.301513671875,
                0.0,
                1539.1478271484375,
                955.5936279296875
            ],
            "score": 0.33332115411758423,
            "mask": [
                {
                    "polygon": [
                        619,
                        5,
                        619,
                        954,
                        1554,
                        954,
                        1554,
                        308,
                        1544,
                        308,
                        1543,
                        307,
                        1543,
                        270,
                        1544,
                        269,
                        1554,
                        269,
                        1554,
                        19,
                        1544,
                        19,
                        1543,
                        18,
                        1543,
                        16,
                        1541,
                        16,
                        1540,
                        15,
                        1540,
                        5
                    ]
                }
            ]
        }
    ]
}