{
    "file_name": "3_5.png",
    "instances": [
        {
            "class": 0,
            "box": [
                401.81561279296875,
                0.0,
                747.81640625,
                954.1049194335938
            ],
            "score": 0.6881664991378784,
            "mask": [
                {
                    "polygon": [
                        424,
                        5,
                        424,
                        48,
                        423,
                        49,
                        421,
                        49,
                        421,
                        75,
                        420,
                        76,
                        418,
                        76,
                        418,
                        92,
                        417,
                        93,
                        415,
                        93,
                        415,
                        100,
                        414,
                        101,
                        404,
                        101,
                        404,
                        315,
                        414,
                        315,
                        415,
                        316,
                        415,
                        348,
                        414,
                        349,
                        404,
                        349,
                        404,
                        954,
                        758,
                        954,
                        758,
                        941,
                        739,
                        941,
                        738,
                        940,
                        738,
                        938,
                        734,
                        938,
                        733,
                        937,
                        733,
                        933,
                        731,
                        933,
                        730,
                        932,
                        730,
                        927,
                        728,
                        927,
                        727,
                        926,
                        727,
                        916,
                        725,
                        916,
                        724,
                        915,
                        724,
                        905,
                        723,
                        905,
                        722,
                        904,
                        722,
                        886,
                        720,
                        886,
                        719,
                        885,
                        719,
                        813,
                        717,
                        813,
                        716,
                        812,
                        716,
                        764,
                        717,
                        763,
                        719,
                        763,
                        719,
                        671,
                        720,
                        670,
                        722,
                        670,
                        722,
                        600,
                        723,
                        599,
                        724,
                        599,
                        724,
                        578,
                        725,
                        577,
                        727,
                        577,
                        727,
                        556,
                        728,
                        555,
                        730,
                        555,
                        730,
                        423,
                        731,
                        422,
                        733,
                        422,
                        733,
                        322,
                        734,
                        321,
                        735,
                        321,
                        735,
                        235,
                        736,
                        234,
                        738,
                        234,
                        738,
                        205,
                        739,
                        204,
                        741,
                        204,
                        741,
                        38,
                        742,
                        37,
                        744,
                        37,
                        744,
                        5
                    ]
                }
            ]
        }
    ]
}