{
    "file_name": "1_5.png",
    "instances": [
        {
            "class": 0,
            "box": [
                1062.349853515625,
                0.09425506740808487,
                1552.278564453125,
                951.442138671875
            ],
            "score": 0.34089142084121704,
            "mask": [
                {
                    "polygon": [
                        1065,
                        146,
                        1065,
                        272,
                        1075,
                        272,
                        1075,
                        268,
                        1076,
                        267,
                        1078,
                        267,
                        1078,
                        252,
                        1079,
                        251,
                        1081,
                        251,
                        1081,
                        246,
                        1082,
                        245,
                        1083,
                        245,
                        1083,
                        227,
                        1084,
                        226,
                        1086,
                        226,
                        1086,
                        192,
                        1084,
                        192,
                        1083,
                        191,
                        1083,
                        168,
                        1082,
                        168,
                        1081,
                        167,
                        1081,
                        157,
                        1079,
                        157,
                        1078,
                        156,
                        1078,
                        149,
                        1076,
                        149,
                        1075,
                        148,
                        1075,
                        146
                    ]
                },
                {
                    "polygon": [
                        1065,
                        16,
                        1065,
                        59,
                        1075,
                        59,
                        1075,
                        57,
                        1076,
                        56,
                        1081,
                        56,
                        1081,
                        54,
                        1082,
                        53,
                        1086,
                        53,
                        1086,
                        51,
                        1087,
                        50,
                        1092,
                        50,
                        1092,
                        49,
                        1093,
                        48,
                        1094,
                        48,
                        1094,
                        41,
                        1095,
                        40,
                        1097,
                        40,
                        1097,
                        35,
                        1098,
                        34,
                        1100,
                        34,
                        1100,
                        32,
                        1101,
                        31,
                        1106,
                        31,
                        1106,
                        30,
                        1107,
                        29,
                        1120,
                        29,
                        1121,
                        30,
                        1121,
                        31,
                        1125,
                        31,
                        1126,
                        32,
                        1126,
                        34,
                        1128,
                        34,
                        1129,
                        35,
                        1129,
                        37,
                        1131,
                        37,
                        1132,
                        38,
                        1132,
                        83,
                        1131,
                        84,
                        1129,
                        84,
                        1129,
                        110,
                        1128,
                        111,
                        1126,
                        111,
                        1126,
                        164,
                        1125,
                        165,
                        1123,
                        165,
                        1123,
                        183,
                        1122,
                        184,
                        1121,
                        184,
                        1121,
                        199,
                        1120,
                        200,
                        1118,
                        200,
                        1118,
                        215,
                        1117,
                        216,
                        1115,
                        216,
                        1115,
                        288,
                        1114,
                        289,
                        1112,
                        289,
                        1112,
                        364,
                        1111,
                        365,
                        1109,
                        365,
                        1109,
                        405,
                        1108,
                        406,
                        1107,
                        406,
                        1107,
                        448,
                        1106,
                        449,
                        1104,
                        449,
                        1104,
                        467,
                        1103,
                        468,
                        1101,
                        468,
                        1101,
                        486,
                        1100,
                        487,
                        1098,
                        487,
                        1098,
                        499,
                        1097,
                        500,
                        1095,
                        500,
                        1095,
                        516,
                        1094,
                        517,
                        1093,
                        517,
                        1093,
                        564,
                        1092,
                        565,
                        1090,
                        565,
                        1090,
                        597,
                        1089,
                        598,
                        1087,
                        598,
                        1087,
                        629,
                        1086,
                        630,
                        1084,
                        630,
                        1084,
                        637,
                        1083,
                        638,
                        1082,
                        638,
                        1082,
                        653,
                        1081,
                        654,
                        1079,
                        654,
                        1079,
                        670,
                        1078,
                        671,
                        1076,
                        671,
                        1076,
                        675,
                        1075,
                        676,
                        1065,
                        676,
