{
    "file_name": "4_1.png",
    "instances": [
        {
            "class": 0,
            "box": [
                186.0662078857422,
                0.0,
                1709.885498046875,
                959.9293212890625
            ],
            "score": 0.6447303891181946,
            "mask": [
                {
                    "polygon": [
                        184,
                        5,
                        184,
                        954,
                        413,
                        954,
                        414,
                        955,
                        414,
                        959,
                        441,
                        959,
                        441,
                        955,
                        442,
                        954,
                        486,
                        954,
                        487,
                        955,
                        487,
                        959,
                        536,
                        959,
                        536,
                        955,
                        537,
                        954,
                        655,
                        954,
                        656,
                        955,
                        656,
                        959,
                        703,
                        959,
                        703,
                        955,
                        704,
                        954,
                        1276,
                        954,
                        1277,
                        955,
                        1277,
                        959,
                        1301,
                        959,
                        1301,
                        955,
                        1302,
                        954,
                        1673,
                        954,
                        1673,
                        952,
                        1674,
                        951,
                        1718,
                        951,
                        1718,
                        5
                    ]
                },
                {
                    "polygon": [
                        1473,
                        349,
                        1474,
                        348,
                        1487,
                        348,
                        1488,
                        349,
                        1488,
                        354,
                        1487,
                        355,
                        1485,
                        355,
                        1485,
                        356,
                        1484,
                        357,
                        1474,
                        357,
                        1473,
                        356,
                        1473,
                        355,
                        1471,
                        355,
                        1470,
                        354,
                        1470,
                        352,
                        1471,
                        351,
                        1473,
                        351
                    ]
                }
            ]
        }
    ]
}