{
    "file_name": "5_2_1900x1024.jpg",
    "instances": [
        {
            "class": 0,
            "box": [
                320.10906982421875,
                0.0,
                1670.7587890625,
                1021.3017578125
            ],
            "score": 0.5332484245300293,
            "mask": [
                {
                    "polygon": [
                        315,
                        6,
                        315,
                        528,
                        326,
                        528,
                        326,
                        527,
                        327,
                        526,
                        329,
                        526,
                        329,
                        524,
                        330,
                        523,
                        332,
                        523,
                        332,
                        518,
                        333,
                        517,
                        334,
                        517,
                        334,
                        503,
                        335,
                        502,
                        337,
                        502,
                        337,
                        500,
                        338,
                        499,
                        340,
                        499,
                        340,
                        497,
                        341,
                        496,
                        343,
                        496,
                        343,
                        495,
                        344,
                        494,
                        346,
                        494,
                        346,
                        489,
                        347,
                        488,
                        349,
                        488,
                        350,
                        489,
                        350,
                        491,
                        352,
                        491,
                        353,
                        492,
                        353,
                        494,
                        355,
                        494,
                        356,
                        495,
                        356,
                        496,
                        358,
                        496,
                        359,
                        497,
                        359,
                        499,
                        361,
                        499,
                        362,
                        500,
                        362,
                        502,
                        364,
                        502,
                        365,
                        503,
                        365,
                        514,
                        367,
                        514,
                        368,
                        515,
                        368,
                        523,
                        370,
                        523,
                        371,
                        524,
                        371,
                        526,
                        373,
                        526,
                        374,
                        527,
                        374,
                        537,
                        376,
                        537,
                        377,
                        538,
                        377,
                        546,
                        379,
                        546,
                        380,
                        547,
                        380,
                        560,
                        382,
                        560,
                        383,
                        561,
                        383,
                        572,
                        385,
                        572,
                        386,
                        573,
                        386,
                        587,
                        388,
                        587,
                        389,
                        588,
                        389,
                        624,
                        391,
                        624,
                        392,
                        625,
                        392,
                        793,
                        391,
                        794,
                        389,
                        794,
                        389,
                        825,
                        391,
                        825,
                        392,
                        826,
                        392,
                        848,
                        394,
                        848,
                        395,
                        849,
                        395,
                        851,
                        397,
                        851,
                        398,
                        852,
                        398,
                        857,
                        397,
                        858,
                        395,
                        858,
                        395,
                        860,
                        394,
                        861,
                        392,
                        861,
                        392,
                        863,
                        391,
                        864,
                        389,
                        864,
                        389,
                        866,
                        388,
                        867,
                        380,
                        867,
                        379,
                        866,
                        379,
                        864,
                        374,
                        864,
                        373,
                        863,
                        373,
                        861,
                        371,
                        861,
                        370,
                        860,
                        370,
                        841,
                        368,
                        841,
                        367,
                        840,
                        367,
                        832,
                        365,
                        832,
                        364,
                        831,
                        364,
                        823,
                        362,
                        823,
                        362,
                        828,
                        361,
                        829,
                        359,
                        829,
                        359,
                        857,
                        358,
                        858,
                        356,
                        858,
                        356,
                        866,
                        355,
                        867,
                        353,
                        867,
                        353,
                        878,
                        352,
                        879,
                        350,
                        879,
                        350,
                        880,
                        349,
                        881,
                        344,
                        881,
                        344,
                        883,
                        343,
                        884,
                        338,
                        884,
                        338,
                        886,
                        337,
                        887,
                        335,
                        887,
                        335,
                        889,
                        334,
