{
    "file_name": "5_2_1600x1200.jpg",
    "instances": [
        {
            "class": 0,
            "box": [
                253.4720916748047,
                3.512420654296875,
                1353.15478515625,
                1193.861328125
            ],
            "score": 0.44964686036109924,
            "mask": [
                {
                    "polygon": [
                        255,
                        5,
                        255,
                        454,
                        264,
                        454,
                        265,
                        455,
                        265,
                        459,
                        266,
                        459,
                        267,
                        460,
                        267,
                        464,
                        269,
                        464,
                        270,
                        465,
                        270,
                        467,
                        271,
                        467,
                        272,
                        468,
                        272,
                        469,
                        276,
                        469,
                        277,
                        470,
                        277,
                        474,
                        279,
                        474,
                        280,
                        475,
                        280,
                        484,
                        281,
                        484,
                        282,
                        485,
                        282,
                        487,
                        284,
                        487,
                        285,
                        488,
                        285,
                        492,
                        286,
                        492,
                        287,
                        493,
                        287,
                        502,
                        289,
                        502,
                        290,
                        503,
                        290,
                        512,
                        291,
                        512,
                        292,
                        513,
                        292,
                        529,
                        294,
                        529,
                        295,
                        530,
                        295,
                        537,
                        296,
                        537,
                        297,
                        538,
                        297,
                        544,
                        299,
                        544,
                        300,
                        545,
                        300,
                        549,
                        301,
                        549,
                        302,
                        550,
                        302,
                        554,
                        304,
                        554,
                        305,
                        555,
                        305,
                        564,
                        306,
                        564,
                        307,
                        565,
                        307,
                        569,
                        309,
                        569,
                        310,
                        570,
                        310,
                        577,
                        311,
                        577,
                        312,
                        578,
                        312,
                        587,
                        314,
                        587,
                        315,
                        588,
                        315,
                        594,
                        316,
                        594,
                        317,
                        595,
                        317,
                        609,
                        319,
                        609,
                        320,
                        610,
                        320,
                        619,
                        321,
                        619,
                        322,
                        620,
                        322,
                        629,
                        324,
                        629,
                        325,
                        630,
                        325,
                        641,
                        326,
                        641,
                        327,
                        642,
                        327,
                        654,
                        329,
                        654,
                        330,
                        655,
                        330,
                        671,
                        331,
                        671,
                        332,
                        672,
                        332,
                        706,
                        334,
                        706,
                        335,
                        707,
                        335,
                        744,
                        336,
                        744,
                        337,
                        745,
                        337,
                        801,
                        339,
                        801,
                        340,
                        802,
                        340,
                        834,
                        341,
                        834,
                        342,
                        835,
                        342,
                        854,
                        344,
                        854,
                        345,
                        855,
                        345,
                        866,
                        346,
                        866,
                        347,
                        867,
                        347,
                        881,
                        349,
                        881,
                        350,
                        882,
                        350,
                        896,
                        351,
                        896,
                        352,
                        897,
                        352,
                        911,
                        354,
                        911,
                        355,
                        912,
                        355,
                        931,
                        356,
                        931,
                        357,
                        932,
                        357,
                        961,
                        359,
                        961,
                        360,
                        962,
                        360,
                        991,
                        359,
                        992,
                        357,
                        992,
                        357,
                        1014,
                        359,
                        1014,
                        360,
                        1015,
                        360,
                        1026,
                        361,
                        1026,
                        362,
                        1027,
                        362,
                        1036,
                        364,
                        1036,
                        365,
                        1037,
                        365,
                        1051,
                        366,
                        1051,
                        367,
                        1052,
                        367,
                        1069,
